<?xml version="1.0" encoding="UTF-8"?>
<project-private xmlns="http://www.netbeans.org/ns/project-private/1">
    <editor-bookmarks xmlns="http://www.netbeans.org/ns/editor-bookmarks/2" lastBookmarkId="0"/>
    <open-files xmlns="http://www.netbeans.org/ns/projectui-open-files/2">
        <group>
            <file>file:/C:/Users/kausar/Documents/NetBeansProjects/examOnline/web/questionPaper.jsp</file>
            <file>file:/C:/Users/kausar/Documents/NetBeansProjects/examOnline/web/controller.jsp</file>
            <file>file:/C:/Users/kausar/Documents/NetBeansProjects/examOnline/web/studentResult.jsp</file>
            <file>file:/C:/Users/kausar/Documents/NetBeansProjects/examOnline/src/java/com/examOnline/UserDao/questionDao.java</file>
            <file>file:/C:/Users/kausar/Documents/NetBeansProjects/examOnline/src/java/com/examOnline/servlets/result_mstr.java</file>
            <file>file:/C:/Users/kausar/Documents/NetBeansProjects/examOnline/src/java/com/examOnline/Entities/result.java</file>
        </group>
    </open-files>
</project-private>
